match, timestamp, goldDif, creepDif, killDif, assistDif, dragonDif, winner
0, 1200432, -7411, -83, -8, -2, -1, 0
1, 1200416, -8044, -98, -6, -12, -1, 0
2, 1200503, 562, 37, -1, -12, 2, 0
3, 1200527, -688, 75, -8, -18, 0, 0
4, 1200340, 2647, 21, 4, 15, -2, 0
5, 1200488, 2946, -8, 6, 5, 0, 0
6, 1200577, -3324, -33, -2, 2, 1, 0
7, 1200403, 2122, -2, 3, 12, 1, 1
8, 1200502, 5789, 52, 9, -1, -1, 1
9, 1200409, -1503, -69, 3, 4, -1, 0
10, 1200559, -2845, 85, -3, -9, 2, 0
11, 1200342, -830, 0, -5, -7, 0, 0
12, 1200560, 1981, -9, -2, -11, -2, 1
13, 1200499, 3290, 39, 5, 2, 2, 1
14, 1200505, 2939, 35, 4, 1, 2, 1
15, 1200428, -2427, -32, -6, -5, 1, 1
16, 1200399, -2889, 14, -6, -4, 1, 1
17, 1200471, 4119, 53, 4, -1, 0, 0
18, 1200428, -19, 67, -3, 2, -1, 1
19, 1200402, -1359, 29, -6, -5, 1, 0
20, 1200497, 3381, 81, 8, 9, -1, 0
21, 1200366, 4961, 22, 6, 8, -2, 1
22, 1200471, -728, -7, 3, 9, 2, 1
23, 1200474, -1938, 60, -3, -8, -1, 1
24, 1200464, 3908, -18, 6, -2, 2, 0
25, 1200396, 5228, 51, 3, 2, 0, 1
26, 1200459, 4657, -69, 7, 10, 2, 0
27, 1200599, 7876, 32, 9, 14, 1, 1
28, 1200478, -4624, -9, -5, -1, -2, 0
29, 1200329, -2703, 22, 0, -3, 1, 0
30, 1200330, 775, -5, 0, 1, 1, 1
31, 1200410, -2122, -43, -1, -1, 1, 1
32, 1200426, -1927, -21, -5, -9, 0, 1
33, 1200402, -2505, -25, -3, -1, -1, 0
34, 1200524, -900, 12, -2, -7, 0, 1
35, 1200490, 3917, 115, 7, 3, -1, 0
36, 1200418, 84, -7, 1, 6, 1, 1
37, 1200445, -583, -4, -7, -2, 0, 1
38, 1200528, 1363, 70, -4, -12, 0, 1
39, 1200539, 277, -31, -1, 8, 0, 1
40, 1200498, 3997, 18, 6, 6, 2, 1
41, 1200428, -183, -91, 5, 5, 0, 0
42, 1200452, -718, -20, -8, -17, 2, 1
43, 1200350, 4589, 7, 8, 8, 1, 1
44, 1200299, 1753, 42, -2, -7, 2, 0
45, 1200364, -1903, -40, 11, 15, 1, 1
46, 1200475, 4648, 52, 11, 7, 1, 1
47, 1200487, 1204, 54, -2, -16, -1, 0
48, 1200452, 1195, -20, 2, 9, 0, 1
49, 1200509, 1530, -48, 4, 22, 1, 1
50, 1200367, 901, -36, 1, 3, -1, 0
51, 1200408, -256, -81, 4, 12, 1, 1
52, 1200385, 658, -20, -3, 10, 1, 1
53, 1200348, -3175, -36, -2, -3, 1, 0
54, 1200556, 1502, -7, 6, 4, 2, 0
55, 1200362, 3548, 21, 5, 4, 1, 1
56, 1200455, 4848, 10, 8, 4, 2, 1
57, 1200540, 3312, 69, -1, -5, -1, 1
58, 1200500, 2800, 31, 4, -7, 0, 0
59, 1200455, -1108, 32, -11, -17, -1, 1
60, 1200418, -5284, -58, -6, -10, -1, 0
61, 1200398, 1020, 14, -2, 6, 1, 1
62, 1200507, 4502, 28, 9, 15, 0, 1
63, 1200427, -1012, 1, 1, 11, 0, 1
64, 1200392, -7914, -1, -3, -11, -2, 0
65, 1200384, 6, -30, 5, 9, 0, 1
66, 1200611, 341, -35, 2, 2, 1, 1
67, 1200536, -6102, 12, -5, -4, -2, 0
68, 1200483, 2057, 6, 11, 2, 0, 1
69, 1200434, -6747, -81, -10, -8, 1, 0
70, 1200622, -4429, 13, -8, -9, 1, 0
71, 1200468, -449, 18, -2, -3, 1, 1
72, 1200587, -6251, 22, -8, -23, -1, 0
73, 1200468, -6363, 20, -16, -20, -2, 1
74, 1200437, -7856, -20, -5, -6, -2, 0
75, 1200343, -695, 9, -2, -17, 1, 0
76, 1200461, -8712, -83, -17, -10, -1, 0
77, 1200398, -6835, -105, -3, 2, 0, 0
78, 1200561, 7293, 47, 7, 6, 0, 1
79, 1200550, 1604, 2, 2, -4, 1, 0
80, 1200418, -2753, -1, -9, -17, -2, 1
81, 1200523, 7409, 92, 3, 1, 2, 1
82, 1200431, -8848, -53, -12, -11, -2, 0
83, 1200455, 4869, -18, 9, 8, 1, 1
84, 1200456, -2036, -74, -1, -2, -2, 0
85, 1200343, 3094, 30, 5, 10, 1, 1
86, 1200527, -613, 16, 0, 6, 0, 0
87, 1200430, -4023, 11, -5, -5, 2, 0
88, 1200441, -4756, -53, 0, -2, -1, 0
89, 1200238, 4902, 36, 6, -1, 1, 1
90, 1200367, -5342, -108, -4, 4, -2, 0
91, 1200548, -7373, 28, -10, -16, 0, 0
92, 1200446, -3817, -77, -4, 1, -2, 0
93, 1200442, 6780, 98, 6, 10, 1, 1
94, 1200472, 7573, 91, 9, 2, 0, 1
95, 1200438, 13098, 24, 19, 21, 1, 1
96, 1200426, -681, 54, -3, -10, -1, 1
97, 1200506, -7490, -35, -9, 1, -2, 0
98, 1200432, -4463, 46, -7, -13, 0, 0
99, 1200484, 7291, 23, 12, 11, 1, 1
100, 1200496, 3871, -65, 4, 11, 2, 1
101, 1200541, 10259, 11, 16, 10, 1, 1
102, 1200538, -7904, 26, -20, -23, -1, 0
103, 1200452, 9611, 83, 7, 4, 2, 1
104, 1200492, 3680, 40, 1, -4, -1, 1
105, 1200396, -797, -63, -4, 3, 1, 1
106, 1200407, 1170, 106, -2, 2, -1, 0
107, 1200449, -306, 42, 0, -10, -1, 1
108, 1200389, -4505, 24, -5, -7, -1, 0
109, 1200279, -1368, 13, -4, -16, 0, 1
110, 1200360, 380, -87, 7, 7, -1, 0
111, 1200372, -1482, -41, -1, 1, 0, 1
112, 1200462, -2011, -25, 0, -5, 1, 1
113, 1200469, 25, 16, -2, 6, 0, 0
114, 1200456, -4175, -25, -7, -12, 1, 0
115, 1200420, -2301, 20, -7, -18, -2, 1
116, 1200470, -6478, -62, -7, -3, -1, 0
117, 1200484, 283, 40, 4, 2, 0, 0
118, 1200539, -2301, -16, 0, -7, -1, 0
119, 1200418, 5877, 41, 9, 19, 2, 0
120, 1200559, -1334, 57, 0, -7, -1, 1
121, 1200410, -3352, -57, -3, 4, 1, 0
122, 1200519, -6107, -26, -11, -5, 0, 0
123, 1200463, -1891, -43, -2, -4, -2, 0
124, 1200400, 3807, -13, 11, 21, 0, 1
125, 1200359, -2474, 8, 4, 0, 1, 1
126, 1200600, 891, -6, 3, 3, 0, 1
127, 1200546, 1692, 52, -4, -4, -1, 1
128, 1200510, -1147, -22, 3, 9, 1, 1
129, 1200355, -4636, 43, -9, -21, -2, 0
130, 1200433, 2981, 80, 5, -9, 0, 0
131, 1200378, -2480, -11, -4, -2, -2, 1
132, 1200519, 76, 2, -5, -5, -1, 1
133, 1200464, 4028, 30, 6, 7, 0, 1
134, 1200356, -3984, -34, 0, 2, 1, 0
135, 1200587, -2434, -10, -1, 3, 2, 1
136, 1200518, -4858, -69, -10, -16, 2, 0
137, 1200482, -2377, -71, -1, -8, -1, 0
138, 1200491, -4668, -40, -5, 0, 0, 0
139, 1200441, 40, -1, 4, 8, 0, 1
140, 1200482, -8886, -81, -11, -10, -2, 0
141, 1200507, -1698, -60, -2, -7, -2, 0
142, 1200492, 6082, 106, 1, 4, 1, 1
143, 1200502, 5436, 45, 3, -1, -1, 1
144, 1200424, 6082, 8, 12, 23, 1, 1
145, 1200468, 5848, -24, 9, 21, 2, 1
146, 1200450, -8772, -62, -13, -17, -2, 0
147, 1200440, 4167, 58, 7, -6, 0, 1
148, 1200608, 2345, -31, 4, 9, 0, 0
149, 1200432, 7939, 133, 8, -2, 2, 1
150, 1200417, -6858, -47, -4, 9, -1, 1
151, 1200612, 194, -41, 1, 9, 0, 0
152, 1200554, -2870, -15, -6, -1, 1, 0
153, 1200581, 8289, -14, 8, 9, 0, 1
154, 1200501, -10000, -72, -14, 5, -2, 0
155, 1200497, 8791, 40, 6, 12, -1, 1
156, 1200371, -5506, 43, -17, -17, 0, 1
157, 1200452, 12135, 58, 18, 22, 1, 1
158, 1200360, 3726, -5, 7, 21, 1, 1
159, 1200473, -1599, -5, -4, 0, -1, 1
160, 1200414, 2987, 7, 3, -1, -1, 1
161, 1200332, -4586, -51, -2, -9, 0, 1
162, 1200402, -2381, 5, -6, -15, 0, 0
163, 1200523, 11654, 35, 18, 17, 2, 1
164, 1200524, 1136, 73, -5, -9, -1, 0
165, 1200542, -6554, -47, -6, -4, -2, 0
166, 1200502, 8376, 83, 17, 11, 1, 1
167, 1200481, 2587, 48, -2, -8, 0, 1
168, 1200444, 8442, -52, 14, 17, 0, 1
169, 1200444, -6701, -129, -4, -2, -1, 0
170, 1200387, 4050, 19, 7, 7, 0, 1
171, 1200594, 10597, 69, 14, 16, 0, 1
172, 1200538, 1066, -49, 3, 12, 1, 1
173, 1200363, -2080, 18, -9, -7, -2, 0
174, 1200578, 10348, 53, 14, 15, 0, 1
175, 1200335, -4331, -5, -7, -18, 1, 0
176, 1200516, -8419, 25, -11, -13, 0, 0
177, 1200543, 5543, 95, 7, -2, 2, 1
178, 1200336, -8013, -66, -7, -15, -1, 0
179, 1200550, 437, -29, -1, -3, 1, 1
180, 1200452, 11574, 104, 14, 8, 2, 1
181, 1200422, -5695, -24, -9, -19, -1, 0
182, 1200435, -3297, -66, 0, -1, 0, 0
183, 1200489, 12480, 57, 17, 25, 1, 1
184, 1200522, -12606, -10, -12, -11, -2, 0
185, 1200415, 4695, -9, 5, 14, 2, 1
186, 1200541, -14227, -79, -22, -14, -1, 0
187, 1200576, 4322, 57, -2, 2, 1, 1
188, 1200481, 9606, 154, 10, 6, 2, 1
189, 1200517, -3154, -1, -3, -5, -1, 0
190, 1200503, 10512, 88, 14, 19, -1, 1
191, 1200607, -10788, -148, -5, -6, 0, 0
192, 1200630, -9475, -77, -4, 5, -2, 0
193, 1200547, 16394, 140, 27, 21, 2, 1
194, 1200470, 3119, -1, 5, 11, 2, 1
195, 1200402, 6026, 28, 3, 6, 2, 1
196, 1200400, 7436, -39, 14, 22, 2, 1
197, 1200439, 9497, 74, 14, 5, 1, 1
198, 1200365, -6721, -43, -12, -15, -2, 0
199, 1200326, -11346, -92, -11, -8, -1, 0
200, 1200506, -3921, -48, -5, -5, -2, 0
201, 1200292, -16252, -168, -19, -10, -1, 0
202, 1200591, -9440, -14, -16, -21, -2, 0
203, 1200388, -13660, -161, -8, -8, -2, 0
204, 1200416, 16791, 124, 22, 33, 1, 1
205, 1200439, 12238, 56, 22, 24, 2, 1
206, 1200375, 13352, 77, 16, 12, 1, 1
207, 1200442, 13530, 87, 20, 7, 1, 1
208, 1200358, -11585, -15, -16, -29, 1, 0
209, 1200493, 15540, 47, 19, 22, 1, 1
210, 1200395, -8932, -51, -11, -14, 0, 0
211, 1200386, -12025, -52, -17, -10, 1, 0
212, 1200458, -15401, -125, -22, -10, -2, 0
213, 1200438, 12150, 57, 22, 19, 1, 1
214, 1200275, 14252, 107, 20, 19, 1, 1
216, 1200385, -437, -6, 1, -3, 0, 0
217, 1200469, -224, 31, 2, 3, -1, 0
218, 1200333, -6537, -65, -11, -7, -1, 0
219, 1200425, -2081, -55, -1, 4, -2, 1
220, 1200370, -4067, -9, -5, -4, -1, 0
221, 1200492, 1638, 79, 4, -5, 1, 1
222, 1200557, 35, -66, 3, 8, 1, 0
223, 1200477, 3507, -66, 9, 2, 1, 1
224, 1200424, -618, 33, 0, -5, 2, 1
225, 1200457, 3891, -2, 7, 10, -1, 1
226, 1200371, 538, -15, 2, 5, 0, 1
227, 1200405, -5251, -11, -5, 0, 1, 1
228, 1200293, -215, 94, -10, -16, 1, 1
229, 1200411, 1676, 19, 6, 7, 0, 0
230, 1200578, 4167, 7, 10, 1, 2, 1
231, 1200409, -609, -29, -1, -8, -2, 1
232, 1200448, 2617, -13, 3, 0, 2, 0
233, 1200541, -411, -8, -5, 3, -1, 0
234, 1200413, 4550, 25, 5, 7, -1, 0
235, 1200327, 2204, 15, 0, 12, 0, 0
236, 1200466, -2359, -33, -9, -14, 1, 1
237, 1200404, 2394, 81, 2, 0, -1, 1
238, 1200370, -4760, -29, -3, -19, 0, 0
239, 1200367, 3444, 54, 3, 6, -1, 0
240, 1200485, 553, 78, 0, -11, 2, 1
241, 1200485, -4960, -86, -6, -3, -1, 1
242, 1200387, 2975, -9, 3, 13, 1, 0
243, 1200418, -2153, -38, 3, 4, 2, 0
244, 1200487, 2429, 97, 12, 7, 2, 1
245, 1200454, 2806, 72, 2, 3, 2, 0
246, 1200418, 6306, 21, 6, 10, 1, 1
247, 1200426, -1288, -45, 0, -9, -2, 0
248, 1200341, -1024, -13, -1, 3, -1, 1
249, 1200478, -5926, -84, 1, 9, -2, 0
250, 1200454, 4100, 75, 2, 7, -2, 0
251, 1200357, -4457, -98, 1, 3, 1, 0
252, 1200400, 5944, -11, 7, 14, 1, 1
253, 1200452, -7523, 8, -12, -19, -1, 0
254, 1200505, 5111, 7, 3, 1, 0, 1
255, 1200344, 426, 63, -1, 0, -1, 1
256, 1200498, 2308, 37, 5, 10, -1, 1
257, 1200519, 4906, 30, 11, 24, -1, 1
258, 1200390, 1887, 42, 0, 3, 2, 1
259, 1200436, 6222, 66, 12, 10, 1, 0
260, 1200419, -9086, -76, -7, 0, -1, 0
261, 1200454, 6453, 50, 6, -8, -1, 1
262, 1200504, -3036, -13, -7, -6, -1, 0
263, 1200444, -4506, 16, -8, -12, 0, 0
264, 1200565, -3093, -26, -7, -3, -1, 1
265, 1200376, -2477, 6, -6, -9, 1, 1
266, 1200424, 4657, -48, 6, 10, -1, 1
267, 1200504, -6597, -138, -3, -5, 1, 0
268, 1200415, 731, 67, 3, 3, 0, 1
269, 1200568, -986, -9, -3, -9, 0, 1
270, 1200414, -5136, -94, -1, 5, 1, 0
271, 1200417, -7515, -62, -7, -6, -1, 0
272, 1200540, -3098, -56, -6, -6, 1, 1
273, 1200488, -2544, -64, -2, 1, 0, 1
274, 1200432, 4118, -5, 6, 4, -1, 1
275, 1200522, 2387, -71, 9, 9, 2, 1
276, 1200465, 3462, -4, 4, 10, 1, 1
277, 1200535, -1541, 83, -1, -6, 1, 1
278, 1200495, 6833, 29, 6, 1, 2, 1
279, 1200485, 1248, 41, -5, -6, -1, 1
280, 1200516, 5877, 39, 9, 16, 2, 1
281, 1200573, 1679, -17, 4, 5, 2, 0
282, 1200501, -9732, -66, -11, -8, 0, 0
283, 1200358, 3531, 15, 4, 4, 1, 1
284, 1200416, -8800, -124, -10, -16, 0, 0
285, 1200463, -2944, -30, -4, -17, 0, 0
286, 1200508, 9150, 62, 11, 33, 1, 1
287, 1200563, 3022, -48, 0, 5, 0, 1
288, 1200555, 14317, 115, 17, 8, 2, 1
289, 1200480, 4195, -60, 8, 15, 1, 1
290, 1200445, 2994, 88, 0, 0, -1, 1
291, 1200355, 12655, 23, 21, 27, 1, 1
292, 1200462, -7222, -46, -11, -10, -1, 0
293, 1200285, -3161, -37, 2, 13, -2, 0
294, 1200506, 3256, 111, 3, -2, 2, 1
295, 1200445, 4324, 49, 3, -7, 1, 1
296, 1200378, 7453, 109, 10, 11, 0, 1
297, 1200347, 10032, 119, 8, 12, 1, 1
298, 1200370, 3185, -46, 5, 4, 0, 1
299, 1200409, -10186, -93, -4, -5, -1, 0
300, 1200497, 15267, 56, 18, 21, 2, 1
301, 1200395, 6511, 51, 6, 14, 2, 1
302, 1200441, 9436, 81, 9, 8, 2, 1
303, 1200290, 7723, 4, 12, 9, 1, 1
304, 1200384, -13985, -92, -18, -12, -1, 0
305, 1200460, 12799, 126, 15, 6, 2, 1
306, 1200550, -7629, -76, -9, -18, -2, 0
307, 1200454, -12927, -82, -12, -9, -2, 0
308, 1200489, 17403, 150, 27, 8, 1, 1
309, 1200468, -5669, -18, -10, -19, -1, 0
310, 1200524, -8548, -73, -13, -11, -1, 0
311, 1200340, 8845, 39, 6, 12, -1, 1
312, 1200374, 15149, 94, 18, 14, 1, 1
313, 1200385, 6843, 60, 3, 12, -2, 1
314, 1200340, -9822, -79, -17, -35, -2, 0
315, 1200524, -6049, -47, -4, -2, -2, 0
316, 1200505, 16296, 77, 22, 25, 1, 1
317, 1200445, -2328, -58, -3, -1, -1, 0
318, 1200539, -8782, -29, -9, -2, 0, 0
319, 1200461, -11832, -110, -17, -32, -2, 0
320, 1200401, 16482, 155, 19, 23, 1, 1
322, 1200260, 7439, 102, 9, 11, 0, 1
323, 1200454, -6085, -29, -10, -15, -1, 0
324, 1200440, -16214, -145, -19, -7, -2, 0
325, 1200407, 14517, 108, 7, 14, 2, 1
326, 1200417, 6180, -15, 7, -1, 2, 1
327, 1200575, -8726, -29, -12, -9, -2, 0
328, 1200450, 7722, 59, 11, 11, 1, 1
329, 1200521, -8148, -68, -10, -4, -2, 0
330, 1200547, 5640, 47, 10, -1, 1, 1
331, 1200374, -20121, -23, -30, -32, -2, 0
332, 1200362, -14900, -57, -24, -19, -2, 0
335, 1200437, -4956, -49, -8, -11, -1, 0
336, 1200455, -1461, -53, 1, 11, 0, 0
337, 1200488, 4286, -82, 11, 16, 1, 1
338, 1200429, -4718, -25, -5, -10, 0, 1
339, 1200398, 3791, 27, 5, 4, 1, 1
340, 1200452, 536, -51, 5, 4, 1, 1
341, 1200360, 986, -47, 9, 8, 0, 0
342, 1200457, -2912, -14, -12, -4, 2, 0
343, 1200445, -4072, -57, -2, -7, 1, 1
344, 1200409, -7901, -93, -12, -13, -1, 0
345, 1200313, -1651, -38, -1, 1, -1, 1
346, 1200416, -4302, -18, 0, -11, -1, 1
347, 1200424, 7989, 64, 5, 9, 2, 1
348, 1200388, -5319, -96, -5, -2, 1, 1
349, 1200426, 2050, -7, 6, 14, 1, 1
350, 1200442, 1209, -14, -1, -9, -1, 0
351, 1200465, 1635, -61, 7, 12, 0, 0
352, 1200377, -2586, -36, -5, -16, 1, 1
353, 1200316, -5697, -59, -5, -2, -2, 1
354, 1200467, 699, -16, -2, -9, -1, 0
355, 1200386, -1996, -59, 3, 0, 0, 1
356, 1200381, -1830, -28, -1, 3, -1, 0
357, 1200543, 2211, 23, 0, 2, 1, 0
358, 1200613, -904, 68, -9, -14, 0, 1
359, 1200559, 2294, -19, 7, 5, 1, 1
360, 1200442, 764, 28, 5, 0, 1, 1
361, 1200296, -5142, 10, -8, -9, 1, 1
362, 1200453, -3127, -63, 7, 3, 2, 0
363, 1200388, 11459, 158, 11, 7, 2, 1
364, 1200549, 4071, 19, 2, 6, 2, 0
365, 1200461, 2263, 10, 3, -1, 2, 1
366, 1200409, 667, 94, -1, -22, -2, 0
367, 1200441, 2868, 10, 7, 8, 1, 1
368, 1200396, 4145, 63, 4, -3, 0, 1
369, 1200522, 5210, 67, 8, 13, 1, 0
370, 1200425, -3715, -47, -6, 3, -2, 0
371, 1200393, 1618, -35, 2, 4, 1, 1
372, 1200377, 4078, 35, 6, 8, -1, 1
373, 1200330, -3619, -66, -4, -4, -2, 0
374, 1200329, -436, 33, -1, -5, 1, 1
375, 1200474, 6863, 23, 7, 15, 1, 1
376, 1200428, -2425, -27, 0, -2, 1, 0
377, 1200444, 3210, 110, 3, 3, -1, 1
378, 1200396, -4781, -64, -1, -8, 0, 0
379, 1200521, 4358, 12, 8, 1, 0, 1
380, 1200555, -7413, -49, -6, 0, -2, 0
381, 1200432, -4925, 24, -9, -9, -2, 0
382, 1200393, -2857, -37, -6, -4, -1, 0
383, 1200496, -222, 53, 2, -2, -2, 1
384, 1200487, -6856, -60, -12, -7, -1, 0
385, 1200446, 732, -48, 7, 9, 1, 0
386, 1200413, -3889, -9, -10, -11, -1, 0
387, 1200482, 367, -1, -1, -4, 1, 1
388, 1200247, -8612, -114, -9, -17, -1, 1
389, 1200334, 110, 3, -3, -1, 0, 0
390, 1200481, 7440, 120, 7, -2, 2, 1
391, 1200504, -3698, -6, -1, -4, -1, 0
392, 1200444, -5801, -138, -4, 2, -1, 0
393, 1200424, -454, -36, 3, 1, -1, 0
394, 1200523, 9581, 64, 11, 11, 1, 1
395, 1200329, 739, -10, 2, 4, -1, 1
396, 1200437, -7023, -68, -6, -7, -1, 0
397, 1200369, 5351, 9, 4, 9, 0, 0
398, 1200430, 1561, 73, -3, 2, -1, 0
399, 1200412, 9180, 80, 14, 19, 2, 1
400, 1200562, 1261, -6, -3, -6, -1, 0
401, 1200403, 5399, 56, 4, 5, -1, 1
402, 1200422, 5644, 3, 13, 23, 2, 1
403, 1200429, 3113, -101, 4, 9, 1, 1
404, 1200293, -3729, -49, 1, 13, 0, 1
405, 1200470, -4616, -50, -8, 0, -2, 0
406, 1200476, -2489, -36, -10, 1, 1, 0
407, 1200386, -5953, -33, -5, 2, -2, 0
408, 1200478, -2289, -32, 2, -13, -3, 0
409, 1200465, -518, -7, -3, -1, 1, 0
410, 1200412, 2515, 55, 0, -1, 0, 1
411, 1200346, 3904, 26, 4, 19, 2, 1
412, 1200346, -7924, -4, -12, -6, -1, 0
413, 1200361, 8537, 23, 12, 31, 2, 1
414, 1200397, -34, 22, -2, -2, 1, 0
415, 1200459, 137, 21, 2, 2, 0, 1
416, 1200557, 4501, -2, 9, -3, 1, 1
417, 1200322, -2849, -22, -7, -6, -1, 0
418, 1200310, 8584, 142, 2, -11, 2, 1
419, 1200558, -6636, -25, -13, -5, -2, 0
420, 1200322, 3540, -43, 11, 10, -1, 1
421, 1200476, 2420, 30, 6, -9, 1, 0
422, 1200448, -1590, -8, -5, 5, 0, 1
423, 1200447, -73, 45, 0, 2, -2, 1
424, 1200435, -1639, -86, 6, 4, 1, 1
425, 1200534, 31, 7, -2, -8, 1, 0
426, 1200437, -3468, -102, -3, 0, 1, 0
427, 1200586, -3461, -91, -4, -3, -1, 1
428, 1200445, 6359, 103, 9, -4, 2, 0
429, 1200387, 2461, 18, 1, -6, -1, 1
430, 1200519, 3217, 4, 7, 6, 2, 1
431, 1200415, 2469, 40, 0, 2, 0, 1
432, 1200469, -1622, -46, -3, -3, 1, 0
433, 1200504, -8176, -103, -11, -13, 0, 1
434, 1200401, 483, 98, -3, -13, -2, 1
435, 1200360, -2167, -42, -2, -4, -1, 1
436, 1200494, -397, -26, 0, -3, -3, 1
437, 1200428, -7298, -17, -14, -14, -2, 0
438, 1200433, 812, 4, -4, -3, 2, 1
439, 1200523, -8470, -58, -12, -14, -2, 0
440, 1200424, 5892, 81, 3, -5, -1, 0
441, 1200446, -2052, -2, -4, -6, -1, 0
442, 1200493, 11667, 57, 15, 34, -1, 1
443, 1200582, -3921, 16, -1, -7, -1, 1
444, 1200434, 3546, -6, 5, 1, 2, 1
445, 1200427, -1595, -85, 3, 6, -1, 0
446, 1200482, 9, -10, -2, -6, 0, 0
447, 1200496, -8272, -93, -9, -6, -1, 0
448, 1200409, 3267, 26, 2, -1, 0, 1
449, 1200380, -3565, -49, -7, -8, -1, 0
450, 1200425, 917, -5, 1, 7, 1, 1
451, 1200386, -1491, -11, -2, -4, 1, 1
452, 1200471, -2565, 56, -1, -10, 0, 0
453, 1200411, -6098, -48, -4, 4, 1, 1
454, 1200462, 8049, 2, 10, 15, 0, 0
455, 1200521, 198, 39, -2, -2, 0, 1
456, 1200353, -883, -43, -2, 1, 1, 0
457, 1200422, 4027, 8, -1, -4, 2, 1
458, 1200509, 4044, 64, 5, -2, 1, 1
459, 1200562, -5766, -78, -6, -2, -1, 1
460, 1200382, -253, 87, -2, 0, -1, 0
461, 1200412, 173, -45, 4, 4, 1, 0
462, 1200461, 4749, 80, 4, 0, -2, 1
463, 1200656, 1331, 14, 1, -10, 1, 1
464, 1200336, 7655, 90, 7, 0, -1, 1
465, 1200481, 1408, -28, 9, 8, 1, 1
466, 1200350, -6784, -48, -17, -5, -2, 0
467, 1200402, 10251, 57, 14, 32, 1, 1
468, 1200534, 4883, 124, 3, -14, 0, 1
469, 1200440, 5240, 66, 0, -17, 2, 0
470, 1200353, -5634, 46, -7, -1, -1, 0
471, 1200502, -6634, -85, -13, -15, -2, 1
472, 1200502, -5838, -38, -3, -3, -2, 0
473, 1200417, -2422, -74, -2, 14, -2, 0
474, 1200483, 1086, -9, 2, 2, -2, 0
475, 1200503, -5370, -1, -8, -16, 1, 0
476, 1200610, 5207, 42, 7, 13, 2, 1
477, 1200427, -7593, -34, -13, -19, -2, 0
478, 1200299, 108, -8, 3, -7, 2, 1
479, 1200422, 2855, 130, 1, 5, 0, 0
480, 1200398, -6872, -34, -8, -11, -2, 0
481, 1200389, -6665, -75, -6, -1, -2, 0
482, 1200406, 8949, 111, 12, 5, -1, 1
483, 1200481, 184, 7, -3, 2, -2, 0
484, 1200474, -5836, -39, -13, -13, -2, 0
485, 1200486, 5657, 68, 0, -7, 1, 1
486, 1200443, -4163, 2, -9, 0, -1, 0
487, 1200385, -8071, -87, -4, -8, -2, 0
488, 1200464, 911, 18, -1, 0, 1, 1
489, 1200522, -682, -12, 3, 8, 1, 1
490, 1200445, 4044, -27, 4, 6, 1, 1
491, 1200305, 2616, 12, 1, -5, 2, 1
492, 1200398, 4198, 82, 4, -8, 0, 1
493, 1200533, 6338, 27, 10, 7, 0, 1
494, 1200387, 5857, 72, 5, 12, 1, 1
495, 1200431, -6469, -23, -6, -2, -1, 0
496, 1200361, -76, 32, 2, -3, 1, 1
497, 1200488, 2, -8, 0, 5, -1, 0
498, 1200495, -7121, -50, -10, -9, -1, 0
499, 1200453, -5046, 2, -4, -11, -1, 0
500, 1200577, -3658, -118, -4, 4, 0, 0
501, 1200381, 555, -36, 4, 3, 2, 0
502, 1200503, 3724, -22, 2, 3, 1, 1
503, 1200537, -5750, -10, -8, -8, -2, 0
504, 1200447, -4455, -16, -3, -6, -1, 0
505, 1200460, -12358, -130, -10, -8, -1, 0
506, 1200412, 4303, 25, 7, 10, 1, 1
507, 1200355, -2510, 28, -7, -6, -1, 0
508, 1200511, 11636, 46, 14, 19, -1, 1
509, 1200366, -6261, -52, -6, -12, -1, 0
510, 1200423, -1757, -75, -6, 3, -1, 0
511, 1200407, -2607, 27, -2, -10, 0, 0
512, 1200479, 691, -63, 5, 15, 1, 1
513, 1200495, -3313, -20, -2, -12, -1, 0
514, 1200389, -6219, -30, -11, -7, -1, 0
515, 1200421, 3807, 28, 4, 5, 2, 1
516, 1200524, 5814, 51, 11, 6, 1, 1
517, 1200572, 1331, -41, -1, -5, 0, 1
518, 1200388, -12588, -170, -14, -10, 1, 0
519, 1200381, 11647, 26, 19, 32, 1, 1
520, 1200508, 2728, 16, 6, 1, 1, 1
521, 1200454, 5023, -44, 16, 36, 2, 1
522, 1200341, 9384, 23, 13, 5, 2, 1
523, 1200468, -5787, -89, -2, 1, -1, 0
524, 1200394, 15375, 168, 22, 24, 1, 1
525, 1200497, 6449, 32, 9, 2, 1, 1
526, 1200575, 12593, 78, 16, 19, 1, 1
527, 1200324, -9223, -84, -11, -19, -2, 0
528, 1200531, 8314, 101, 4, 2, 1, 1
529, 1200586, -15393, -156, -16, -12, -1, 0
530, 1200468, -12061, -71, -17, -15, -1, 0
531, 1200231, -16545, -90, -23, -19, -1, 0
532, 1200357, -8789, -109, -10, 4, -2, 0
533, 1200500, -13034, -57, -16, -14, -1, 0
534, 1200414, -16674, -204, -17, -6, -2, 0
535, 1200481, -14984, -56, -20, -16, -2, 0
536, 1200328, 12514, 89, 15, 12, 2, 1
537, 1200552, 7055, 29, 15, 4, 1, 1
538, 1200389, 9928, 57, 9, 20, 2, 1
539, 1200417, 8713, 83, 15, 13, 1, 1
540, 1200360, 16478, 106, 17, 20, 2, 1
541, 1200350, -6114, 85, -14, -26, -1, 0
542, 1200419, 15877, 211, 16, -2, 2, 1
545, 1200402, 4951, 62, 6, 10, 1, 1
546, 1200339, 2729, -28, 7, -3, 2, 1
547, 1200495, 2473, 50, 1, 8, -1, 0
548, 1200327, -4792, 14, -3, -11, -1, 1
549, 1200432, -4717, -60, -2, -2, 1, 0
550, 1200490, 829, 62, -5, -22, 2, 0
551, 1200431, 2249, -5, -2, -8, -1, 0
552, 1200482, -4604, -41, -6, -4, -1, 1
553, 1200421, -7645, -40, -5, 2, -2, 0
554, 1200479, 3171, 39, 4, 4, 1, 1
555, 1200481, -691, -2, -2, -18, 0, 0
556, 1200385, 2398, 79, 4, 6, -1, 1
557, 1200317, 2750, 46, 6, 8, -1, 1
558, 1200439, 4491, 23, 9, 14, -1, 0
559, 1200588, 1286, 7, 5, -1, 1, 1
560, 1200431, -2425, -38, 2, 6, -1, 0
561, 1200388, -7633, -60, -15, -16, 1, 0
562, 1200354, -917, 80, -7, -10, -1, 1
563, 1200349, -1078, 11, -3, -8, 1, 1
564, 1200474, 850, 5, -3, 1, -2, 1
565, 1200343, -9422, -70, -11, -7, -2, 0
566, 1200661, -3621, 27, -7, -2, 0, 1
567, 1200600, 3975, 48, 8, 7, 1, 1
568, 1200426, 1009, -31, -1, 6, -1, 0
569, 1200412, -3623, -79, -1, 7, 1, 0
570, 1200417, 205, 84, -4, -7, -2, 1
571, 1200390, -3502, -114, -6, -6, -2, 0
572, 1200343, -270, 49, 2, -5, -2, 0
573, 1200372, 3562, 86, 4, 8, 1, 1
574, 1200411, -4178, -49, -5, -6, 2, 0
575, 1200520, 4910, 43, 6, 8, 0, 1
576, 1200567, -5222, -97, -4, -4, 0, 0
577, 1200359, -961, -6, -3, 1, 0, 1
578, 1200439, -3603, 9, -3, -8, 1, 0
579, 1200488, -8190, -40, -11, -2, -2, 1
580, 1200536, -6728, -59, -11, -7, 1, 0
581, 1200457, -3369, -17, -11, -12, -1, 1
582, 1200493, 8158, -30, 13, 16, 2, 1
583, 1200520, -6314, -61, -9, -12, -1, 0
584, 1200382, -2599, -96, 4, 8, 1, 0
585, 1200389, 493, -84, 3, 11, -1, 0
586, 1200416, -3731, -44, -3, -4, 1, 0
587, 1200268, -8997, -13, -9, -15, -1, 0
588, 1200453, -3947, -43, -6, -5, 1, 0
589, 1200480, -273, -67, 0, 1, -1, 0
590, 1200435, -13020, -81, -13, -7, -1, 0
591, 1200412, 721, -5, 2, 2, -2, 0
592, 1200467, 5408, 35, 5, 1, 2, 0
593, 1200504, 3830, 57, 5, 0, 2, 1
594, 1200506, 5280, -73, 12, 22, 1, 1
595, 1200435, 3689, -25, 15, 21, 2, 1
596, 1200419, 8826, 50, 17, 20, 1, 1
597, 1200493, 5939, 35, 11, 2, 1, 1
598, 1200535, -6017, -24, -8, -8, 0, 0
599, 1200393, 3775, 33, 5, 10, -2, 0
600, 1200434, 7612, 22, 5, 4, 1, 1
601, 1200517, -4953, -94, -5, -6, -1, 0
602, 1200539, -3520, -31, -1, -6, -2, 0
603, 1200331, 5472, 40, 5, -2, 0, 1
604, 1200374, 3914, 66, 8, 9, 1, 1
605, 1200542, 3219, -20, 13, 6, 0, 0
606, 1200435, 5727, -5, 7, 1, 2, 1
607, 1200391, -5995, -44, -6, -7, -2, 0
608, 1200334, 6853, 83, 4, 4, 1, 0
609, 1200365, -13472, -130, -15, -24, -1, 0
610, 1200469, 1434, 19, 2, 6, 1, 0
611, 1200302, -7035, -28, -11, -9, -1, 0
612, 1200398, -3964, -59, -2, -6, 0, 0
613, 1200504, 6602, -15, 6, 15, -2, 1
614, 1200436, -5203, -35, -4, -7, 1, 0
615, 1200393, -4286, -28, -10, -11, -1, 1
616, 1200385, 1568, -33, 0, 0, 1, 1
617, 1200459, 1213, 51, 2, -3, -1, 0
618, 1200489, -9581, -55, -13, -8, -1, 0
619, 1200353, -387, 20, -3, -2, -2, 0
620, 1200416, 9135, 99, 9, 0, 1, 1
621, 1200551, 3926, -11, 3, 1, 1, 1
622, 1200442, 8875, 25, 10, 10, 0, 1
623, 1200365, -4710, -36, -3, 8, -1, 0
624, 1200500, -4709, -22, -2, -5, -1, 1
625, 1200391, -5300, -74, -3, -10, -2, 0
626, 1200470, 8500, 96, 7, 3, 1, 1
627, 1200473, 6815, 34, 10, 8, 1, 1
628, 1200298, 4253, 7, 13, 11, 1, 1
629, 1200382, -11976, -91, -12, -13, -1, 0
630, 1200392, -5492, -20, -7, -19, -2, 1
631, 1200484, 3389, 62, 0, -1, 1, 1
632, 1200347, -1793, -44, 2, 2, 2, 1
633, 1200398, 2976, 38, 1, 8, 2, 1
634, 1200419, -6977, -33, -4, 2, -1, 0
635, 1200383, -6386, -115, -3, 1, -1, 0
636, 1200602, 9965, 0, 15, 22, 2, 1
637, 1200578, 6262, -16, 9, -2, 1, 1
638, 1200496, -11549, -51, -15, -29, -1, 0
639, 1200531, -1165, -8, -2, -6, -1, 0
640, 1200551, 12362, 111, 15, 4, 0, 1
641, 1200412, -10647, -113, -7, -5, -2, 0
642, 1200459, -4356, -71, -7, -12, -1, 0
643, 1200370, 5560, 76, 11, 10, 1, 1
644, 1200515, 5837, 26, 3, 14, -1, 1
645, 1200470, -161, -53, -1, 4, 2, 0
646, 1200354, -2341, -25, -3, 1, -2, 0
647, 1200556, 16576, 18, 26, 20, 1, 1
648, 1200567, -11365, -122, -21, -15, -2, 0
650, 1200549, -7417, -65, -7, -7, -1, 0
651, 1200402, 12694, 96, 18, 3, 1, 1
652, 1200431, 13256, 120, 15, 8, 1, 1
653, 1200368, 9210, 31, 9, 9, -1, 1
654, 1200453, 11720, -3, 28, 17, 2, 1
655, 1200500, 14165, 23, 23, 38, 2, 1
656, 1200413, -7082, -101, -9, -9, -1, 0
657, 1200566, 15306, 140, 20, 22, 2, 1
658, 1200457, 7691, 98, 2, -6, 1, 1
659, 1200356, 844, 14, 3, 2, 1, 1
660, 1200449, 6416, 51, 7, 11, 1, 1
661, 1200445, -1152, -1, -1, -9, 0, 0
662, 1200556, -9574, -95, -11, -16, -1, 0
663, 1200609, 4633, 34, 4, 0, 1, 1
664, 1200358, 11100, 102, 2, -11, 2, 1
665, 1200455, -312, -80, 4, 14, -2, 1
666, 1200566, 8880, 64, 13, 12, 0, 1
667, 1200400, 3520, 120, 2, -4, -1, 1
668, 1200537, 7494, -2, 14, 9, 2, 1
669, 1200382, 4508, 51, 9, 1, -2, 1
670, 1200510, 2800, 44, 1, -4, 1, 1
671, 1200492, -6523, -115, -7, -5, -1, 0
672, 1200482, 2330, -42, 1, 3, -1, 1
673, 1200342, 7840, 10, 6, 9, 1, 1
674, 1200389, -8526, -144, -6, 0, 2, 0
675, 1200401, -9556, -100, -10, -18, 1, 0
676, 1200423, 10213, 59, 13, 16, 2, 1
677, 1200537, -10522, -74, -11, -21, 1, 0
678, 1200381, -2660, 2, -3, -2, -2, 0
679, 1200464, -9726, -84, -10, -12, -1, 0
680, 1200368, -8464, -38, -10, -10, -2, 0
681, 1200434, 10898, 126, 7, -4, 1, 1
682, 1200333, 5652, -19, 9, 9, 1, 1
683, 1200438, 13881, 159, 15, 11, 0, 1
684, 1200480, 12662, 89, 20, 9, 1, 1
685, 1200394, -13505, -92, -21, -20, -1, 0
686, 1200383, -3872, -41, -8, 3, -1, 0
687, 1200455, -3294, 5, -6, -4, -2, 0
688, 1200400, -8655, -23, -15, -14, -1, 0
689, 1200378, -9745, -12, -10, -19, -1, 0
690, 1200384, 15888, 74, 15, 33, 2, 1
691, 1200512, -3465, -17, -8, -4, -1, 0
692, 1200430, -12167, -137, -16, -12, -2, 0
693, 1200441, -5595, 39, -16, -8, 0, 0
694, 1200480, 13226, 81, 17, 12, 0, 1
695, 1200458, -5795, -47, -14, -13, 0, 0
696, 1200475, -4763, -60, -6, -12, -1, 0
697, 1200386, 12333, 8, 21, 25, 2, 1
699, 1200463, -13411, -114, -14, -5, 1, 0
700, 1200430, -11333, -49, -16, -30, -2, 0
701, 1200361, -15699, -124, -17, -18, -2, 0
702, 1200465, 9762, 44, 16, 12, 3, 1
703, 1200429, -7144, -34, -13, -13, -1, 0
707, 1200386, -14891, -118, -13, -12, -2, 0
710, 1200506, -763, -13, 2, 3, 1, 1
711, 1200434, -5506, -51, -2, -11, -1, 0
712, 1200305, -2927, 29, -8, -4, -2, 1
713, 1200360, 2607, -10, 0, 3, 1, 0
714, 1200484, -1943, -12, 1, -1, 1, 1
715, 1200311, 3111, 12, 2, -3, 1, 1
716, 1200424, 2665, 24, 6, 13, -1, 1
717, 1200532, -4413, -34, -9, -11, 0, 0
718, 1200488, -3940, -73, -2, -5, -1, 1
719, 1200336, -3746, 11, -5, 0, 0, 0
720, 1200393, -5704, 55, -10, -17, 0, 0
721, 1200453, 997, 36, 3, 0, -1, 0
722, 1200440, 4804, 106, -6, -10, 0, 1
723, 1200462, -4362, -87, -7, -7, -1, 0
724, 1200495, 7240, -45, 19, 12, 0, 0
725, 1200346, -4560, -14, -8, -16, 0, 0
726, 1200481, 6976, -3, 5, 12, -1, 0
727, 1200349, 5515, 65, 7, 15, 0, 0
728, 1200495, 6914, 44, 10, 5, 2, 1
729, 1200440, 1554, 34, -1, 0, 0, 1
730, 1200367, -915, 31, -2, -13, 1, 0
731, 1200478, -4991, -30, -7, -3, 0, 0
732, 1200436, 1314, 7, 1, -2, 1, 1
733, 1200399, 1834, -16, -2, -4, 1, 1
734, 1200439, 2255, 36, 5, 9, 0, 1
735, 1200423, 1144, -18, -1, -1, 2, 0
736, 1200451, 6521, 50, 10, 14, 2, 0
737, 1200426, 3962, 15, 3, 0, 0, 1
738, 1200397, -2554, 83, -12, -13, 1, 0
739, 1200514, -6588, -48, -11, -11, -1, 0
740, 1200416, -1594, -6, -5, 1, -1, 0
741, 1200422, 1327, 22, 9, 7, 0, 1
742, 1200420, 2041, 35, 2, 3, 1, 0
743, 1200551, 3133, -30, 0, 2, 2, 1
744, 1200549, 5227, 105, 7, 0, 1, 1
745, 1200404, 6145, 32, 8, 8, 0, 1
746, 1200401, 2270, 115, 2, -10, 0, 1
747, 1200509, 4165, -41, 8, 8, 0, 1
748, 1200485, 5978, 10, 8, 6, 2, 1
749, 1200510, -5088, -33, -5, -15, -2, 0
750, 1200298, 6271, 91, 8, 10, 0, 1
751, 1200445, -2618, -14, 1, -1, 0, 0
752, 1200410, 4680, 36, 10, 2, 1, 1
753, 1200430, -2215, -69, -2, -3, -1, 0
754, 1200464, 1645, 0, 1, -5, -1, 1
755, 1200369, -5073, -37, 2, 2, -1, 0
756, 1200383, -6005, 56, -4, -6, -2, 0
757, 1200382, -4367, -14, -10, -11, 0, 1
758, 1200412, -4193, -39, -3, -2, -2, 0
759, 1200437, -2617, -87, 0, 12, 0, 1
760, 1200424, -265, -13, -6, -12, 0, 0
761, 1200306, 3711, 53, 0, -4, 0, 1
762, 1200410, 783, -28, 0, 8, -2, 1
763, 1200475, -787, 26, -10, 4, 0, 1
764, 1200425, 5822, -40, 8, 6, 1, 1
765, 1200456, 5653, 66, 0, 3, 2, 1
766, 1200418, -401, -1, -3, -7, -1, 1
767, 1200383, -1494, 46, -4, -7, -2, 0
768, 1200488, -7724, 7, -15, -13, -1, 0
769, 1200479, -6105, -8, -5, -9, -1, 0
770, 1200398, 8239, 9, 8, 11, 1, 0
771, 1200463, 728, -45, 1, 0, -1, 1
772, 1200381, -3372, 15, -6, -18, -2, 0
773, 1200441, 1523, -96, 8, 23, 1, 1
774, 1200392, 2595, 69, 6, 2, 1, 1
775, 1200396, 22, 15, -8, -14, 0, 0
776, 1200444, 3826, 95, -6, -15, -1, 1
777, 1200544, -2433, -59, -4, -2, 1, 0
778, 1200439, 26, 37, -2, 4, 0, 1
779, 1200340, -5945, -54, -10, -16, 0, 0
780, 1200333, -85, -16, 7, 5, -2, 0
781, 1200455, 4101, -10, 7, 2, 0, 1
782, 1200393, 4023, -8, 8, 6, 1, 1
783, 1200280, 8993, -43, 9, 18, 1, 1
784, 1200592, 2039, -7, 8, 10, 1, 1
785, 1200581, -10680, -119, -14, -2, -2, 0
786, 1200475, -8386, -75, -8, -2, -1, 0
787, 1200270, 5206, 63, 3, 3, 0, 0
788, 1200462, -4169, -49, -5, -11, 2, 0
789, 1200384, -4563, -94, -7, 9, -1, 0
790, 1200447, -4261, -57, -4, 1, 1, 0
791, 1200416, -532, -96, -5, -11, 1, 1
792, 1200455, -5029, -68, -4, -9, 1, 1
793, 1200530, 3501, 18, 0, -1, 1, 1
794, 1200596, -5511, -13, -11, -4, -1, 0
795, 1200389, -2132, 0, -1, -9, -1, 0
796, 1200356, 659, -9, -5, -1, -1, 1
797, 1200405, -6604, -51, -6, -2, 0, 0
798, 1200666, 5628, -14, 5, 18, -2, 1
799, 1200559, 1673, 78, 7, -5, -2, 0
800, 1200434, -2245, 43, -5, -12, 0, 0
801, 1200500, -3352, -24, 0, -1, 0, 1
802, 1200474, 108, -5, 5, 15, 2, 1
803, 1200366, -6354, 44, -9, -18, -2, 0
804, 1200420, -3424, -52, -6, -3, -2, 0
805, 1200502, -2791, 17, -1, 1, -2, 1
806, 1200372, 341, -12, -1, -2, -1, 0
807, 1200559, -5712, -22, -9, -9, -2, 0
808, 1200374, 10222, 77, 12, 16, 1, 1
809, 1200378, 9322, 105, 12, -3, 1, 1
810, 1200528, 3433, -18, 6, 10, 0, 1
811, 1200406, -2909, -8, -3, -19, 0, 0
812, 1200486, -2316, -13, 0, -10, 2, 1
813, 1200395, 6297, 103, 5, 6, -1, 1
814, 1200268, -6708, -12, -13, -18, -2, 0
815, 1200405, 3514, 29, 7, 10, -1, 0
816, 1200360, -7038, -41, -7, -6, -1, 0
817, 1200433, 3274, 23, -1, -10, 1, 1
818, 1200409, -4315, -103, -9, -1, -1, 0
819, 1200202, 10876, 57, 8, 7, 2, 1
820, 1200388, 1054, -60, 0, 7, -1, 0
821, 1200492, -7716, -32, -14, -17, -1, 0
822, 1200422, -3844, -112, -4, -2, -2, 0
823, 1200497, -194, -20, 1, 2, -1, 1
824, 1200531, -4854, -35, -3, -6, -2, 0
825, 1200400, 1829, 4, 5, -10, -1, 0
826, 1200383, 2849, 46, 0, 11, -1, 0
827, 1200412, 8426, 76, 12, 9, 1, 1
828, 1200397, -518, -65, -1, 7, 1, 0
829, 1200495, -1129, -60, 1, 11, 0, 1
830, 1200418, 3564, 0, 6, 13, 1, 1
831, 1200385, 6882, 11, 12, 8, 2, 1
832, 1200389, -3767, -39, -7, 12, -2, 0
833, 1200478, 15077, 60, 24, 33, 0, 1
834, 1200346, 11509, 50, 14, 24, 2, 1
835, 1200364, -2685, -75, -5, -1, -1, 1
836, 1200258, 4992, 98, 2, 9, 2, 1
837, 1200374, -690, 35, 0, 11, 2, 0
838, 1200550, -4974, -63, -9, -15, -1, 0
839, 1200394, -2850, -80, -2, 2, -1, 0
840, 1200421, 6338, 91, 10, 17, 2, 1
841, 1200504, 13937, 100, 17, 21, 2, 1
842, 1200407, -7994, -29, -13, -20, 1, 0
843, 1200361, 6092, 25, 10, 3, 0, 1
844, 1200563, -5084, -7, -11, -11, -2, 0
845, 1200507, 12271, 105, 13, 8, 2, 1
846, 1200497, 6731, 42, 7, 7, 2, 1
847, 1200487, 2405, 59, 6, 10, 0, 1
848, 1200383, 13319, 114, 9, 9, -2, 1
849, 1200459, -4894, -40, -4, -4, -1, 0
850, 1200469, -4879, -48, -11, -5, -1, 0
851, 1200484, 2912, 18, 7, 6, -2, 1
852, 1200386, -10480, -76, -15, -14, 1, 0
853, 1200417, -4656, -84, -7, -12, -1, 0
854, 1200472, 3140, -70, 10, 17, 1, 1
855, 1200560, -3820, -15, -1, -5, 0, 0
856, 1200465, -5867, -64, -8, -25, -2, 0
857, 1200496, -8935, -99, -10, -4, 0, 0
858, 1200427, 10771, 96, 12, 16, 2, 1
859, 1200519, -6285, -40, -10, -12, 0, 0
860, 1200435, -6903, -35, -7, 4, -1, 0
861, 1200327, -6892, -55, -14, -11, -1, 0
862, 1200504, 8926, 24, -2, 10, 2, 1
863, 1200396, -10866, -57, -21, -33, -2, 0
864, 1200541, -4133, -2, -5, -13, -1, 0
865, 1200538, 3592, -74, 6, 6, 1, 1
866, 1200434, 9338, 58, 13, 34, 2, 1
867, 1200430, -13901, -77, -15, -26, -1, 0
868, 1200412, 13203, 33, 19, 16, 1, 1
869, 1200508, 11349, 122, 13, 12, 1, 1
870, 1200447, -13240, -107, -27, -14, 0, 0
871, 1200422, -12941, -30, -16, -24, 0, 0
872, 1200423, 18084, 168, 17, 20, 1, 1
873, 1200378, 512, 101, -2, -7, 1, 0
874, 1200475, -3739, -54, -1, -3, 1, 0
875, 1200312, 3954, -36, 8, 15, 1, 1
876, 1200408, 1322, -44, 0, 10, -2, 0
877, 1200481, 2546, -53, 4, 15, 0, 0
878, 1200507, 2011, -10, 3, 7, 2, 1
879, 1200470, 1638, 64, 0, -10, -1, 0
880, 1200375, -3464, -76, -2, 1, 1, 0
881, 1200516, -2129, 47, -7, -7, 1, 0
882, 1200461, -2486, -11, -3, 6, 1, 0
883, 1200448, 273, -60, 4, 4, -2, 1
884, 1200380, -833, 76, 1, 4, 0, 0
885, 1200438, -3864, -12, -8, -9, 0, 0
886, 1200358, 820, -24, -2, -8, -1, 1
887, 1200662, -1609, -1, -2, -8, 0, 0
888, 1200419, -2030, -38, 1, 4, 1, 0
889, 1200387, 98, -8, 2, 4, 0, 1
890, 1200456, -4847, -57, -7, -7, 1, 0
891, 1200456, -3906, -44, -2, -12, 1, 0
892, 1200460, 2854, 14, 4, -2, 1, 1
893, 1200368, -6219, -10, -15, -13, -1, 0
894, 1200354, 712, -93, 7, 7, 1, 1
895, 1200514, -1574, -16, -2, 2, 0, 0
896, 1200364, -7373, -79, -5, 0, -1, 0
897, 1200450, 3224, 76, 3, -3, 0, 1
898, 1200536, 2332, -26, 4, 1, -1, 1
899, 1200499, -6326, 7, -13, -9, -1, 0
900, 1200359, -672, 8, 5, 3, 2, 1
901, 1200415, 4439, 62, 7, -4, 2, 1
902, 1200431, -1888, 17, -6, 5, 0, 0
903, 1200405, -3886, -114, -1, 3, 2, 1
904, 1200427, 5991, -55, 14, 28, 2, 1
905, 1200488, 1070, 15, -2, 2, -1, 0
906, 1200379, 1598, -51, 5, 18, -1, 1
907, 1200550, 502, -4, 2, 4, 0, 1
908, 1200510, -3974, 17, -7, -7, -1, 0
909, 1200597, -2382, -62, -4, -5, 1, 0
910, 1200523, -8299, -9, -10, -23, -2, 0
911, 1200578, 1011, 30, -3, 11, 1, 0
912, 1200409, -3704, -8, -6, 3, 0, 1
913, 1200620, 3105, 61, 3, 12, 1, 1
914, 1200486, -3797, -57, 2, 13, 0, 0
915, 1200541, 5986, 68, 5, 13, 1, 1
916, 1200424, -3693, -84, -4, 3, 1, 0
917, 1200484, -5317, -59, -6, -3, -2, 1
918, 1200288, 6736, 51, 9, 8, 0, 1
919, 1200607, -4685, -3, -8, -2, -1, 0
920, 1200478, -3556, -104, 0, 12, 0, 1
921, 1200400, -2373, -20, -5, 2, 0, 0
922, 1200448, -1764, -32, 1, -2, 0, 1
923, 1200489, -3875, 42, -14, -16, -2, 1
924, 1200348, 1461, 43, 1, 1, 1, 1
925, 1200384, -1402, 15, 0, -4, -1, 0
926, 1200498, 3068, -14, 6, 6, 0, 0
927, 1200331, -2392, -14, -3, 5, 2, 0
928, 1200490, 3131, 36, 4, 0, 1, 1
929, 1200501, 5221, 18, 6, 0, 1, 1
930, 1200361, 223, -58, 1, -1, -1, 1
931, 1200407, -1284, 90, -10, -17, -2, 0
932, 1200470, -3929, -45, 0, 4, 1, 0
933, 1200452, -5293, -87, -6, 0, -2, 0
934, 1200467, -7686, -15, -3, -1, -1, 0
935, 1200468, -6317, -133, -8, -11, 0, 0
936, 1200437, 7771, 115, 8, 7, 1, 1
937, 1200321, -5041, -11, -5, -10, -1, 0
938, 1200522, -9183, -29, -11, -17, -1, 0
939, 1200419, -551, 42, -5, -10, -2, 0
940, 1200394, -1718, -31, 3, -2, -1, 0
941, 1200436, -852, -42, 0, 7, 1, 0
942, 1200505, 983, 23, -7, 2, 0, 0
943, 1200456, -1792, -130, 7, 19, 0, 1
944, 1200369, 7964, 122, 3, -6, 1, 1
945, 1200305, 5565, 17, 7, 4, -1, 1
946, 1200496, -2326, -90, -1, -2, 0, 0
947, 1200447, 3508, 50, 1, 3, 2, 1
948, 1200553, -11053, -64, -18, -21, -1, 0
949, 1200390, 7851, 80, 5, 6, 2, 1
950, 1200407, 6597, 57, 6, 4, 1, 1
951, 1200555, 8533, 48, 11, 16, 2, 1
952, 1200295, 238, 39, -3, -3, -2, 1
953, 1200408, -3940, 6, -10, -16, 0, 0
954, 1200559, -11400, -95, -18, -17, 1, 0
955, 1200403, -3125, -6, 1, -8, -1, 0
956, 1200322, 2320, 79, -2, 0, -1, 1
957, 1200484, 14104, -11, 23, 23, 2, 1
958, 1200440, 10269, 66, 8, 16, 1, 1
959, 1200388, -10123, -170, -8, -1, -2, 0
960, 1200546, 10953, 20, 15, 22, 1, 1
961, 1200416, 10610, 46, 11, 12, 2, 1
962, 1200384, -5492, -37, -1, 2, -2, 0
963, 1200416, 7127, 119, 12, -3, 0, 1
964, 1200446, -8942, -8, -13, -27, 2, 0
965, 1200379, 8663, 52, 3, 3, 2, 1
966, 1200518, -3705, -87, -12, 0, -1, 0
967, 1200492, 8974, 28, 11, 14, 1, 1
968, 1200427, -11888, -31, -15, -22, -2, 0
969, 1200419, -6674, -19, -13, -10, -2, 0
970, 1200401, -13575, -146, -17, -20, 0, 0
971, 1200428, 11249, 29, 15, 14, 2, 1
972, 1200426, 7267, 48, 9, 12, 1, 1
973, 1200362, 12043, 89, 18, 20, 0, 1
974, 1200419, -9793, -132, -6, -12, -1, 0
975, 1200372, 2869, -35, 3, 3, 1, 1
976, 1200297, 9990, 101, 7, 6, 1, 1
977, 1200320, -8296, -108, -4, -3, -1, 0
978, 1200456, -4330, -23, -10, -11, -2, 0
979, 1200401, 3992, 29, 8, 8, 1, 0
980, 1200431, -6174, -33, -9, -1, -2, 0
981, 1200465, -9825, -75, -8, -8, -2, 0
982, 1200385, -4482, 7, 0, -9, -2, 0
983, 1200513, 4487, -69, 11, 11, 1, 1
984, 1200396, 5042, 38, 5, -12, -1, 1
985, 1200402, -3438, 27, -8, -4, -1, 0
986, 1200514, -5817, -121, -2, -1, 0, 0
987, 1200401, 9256, 45, 8, -2, -2, 1
988, 1200441, -1918, -74, 0, 3, -1, 0
989, 1200482, -5312, -125, -3, -1, -2, 0
990, 1200393, -7751, 9, -13, -13, -2, 0
991, 1200400, 5395, 59, 9, 6, 1, 1
992, 1200577, -3320, -8, -13, -9, 0, 0
993, 1200221, -4631, -58, -8, -4, -2, 0
994, 1200523, 3753, 23, 7, 4, 2, 1
995, 1200397, -479, 39, -5, -6, -3, 0
996, 1200360, 3193, -47, 4, 6, 2, 1
997, 1200534, -6357, 24, -12, -4, 1, 0
998, 1200543, -6203, -36, -8, -11, -1, 0
999, 1200413, -11080, -63, -16, -10, -1, 0
